"ID","email"
449,"pdiachbyn@pvmail.com"
324,"zfsdqko@vpvmail.com"
429,"kgtjcuxpzs@vsmail.com"
272,"nuaot@promail.com"
482,"nojdpmsva@vpvmail.com"
480,"slcedofp@ohmail.com"
305,"foazil@zmail.com"
419,"deapiybl@vpvmail.com"
476,"ltdvaohyj@promail.com"
572,"lfbmkp@promail.com"
205,"objilz@pvmail.com"
336,"csmjgpvek@zmail.com"
150,"jndvsaxu@zmail.com"
217,"dkziljc@ohmail.com"
521,"smldgpf@vsmail.com"
343,"odvwhau@vpvmail.com"
176,"qzuhrmn@zmail.com"
470,"fpcsw@vsmail.com"
207,"lsygb@zmail.com"
314,"iecwbk@ohmail.com"
239,"rouci@ohmail.com"
267,"xvfua@pvmail.com"
255,"ywkxdmlnr@ohmail.com"
418,"beyzuxgsj@vsmail.com"
208,"upmqyoj@vpvmail.com"
378,"avblugpqhy@vpvmail.com"
342,"zihnqjdvt@vpvmail.com"
387,"zhrbiax@vsmail.com"
487,"xumzfa@promail.com"
468,"khqopbxvyn@vsmail.com"
533,"xqbfhedgu@promail.com"
565,"sxlrzd@promail.com"
589,"ytkhujzlsv@pvmail.com"
169,"raqdzie@ohmail.com"
584,"ciykj@pvmail.com"
353,"fjktdmien@pvmail.com"
380,"pymrcwedx@vsmail.com"
195,"nxvcarpgy@ohmail.com"
102,"vepxq@vpvmail.com"
373,"zloryvsuje@ohmail.com"
355,"zitwmsgk@zmail.com"
485,"xdvilkh@vpvmail.com"
434,"arehbzmd@ohmail.com"
477,"buvhmn@pvmail.com"
479,"ljzfmkwqut@pvmail.com"
243,"erdsvjmnf@ohmail.com"
242,"dbyal@pvmail.com"
129,"afokrc@vpvmail.com"
142,"dkbcsu@pvmail.com"
330,"mzhwto@vpvmail.com"
161,"bdtrolqcse@promail.com"
520,"wbnhvu@vsmail.com"
264,"lzybjrkhw@promail.com"
506,"aqrvglu@vsmail.com"
231,"qbwkrhvyp@vsmail.com"
398,"uwxiodjnqe@zmail.com"
303,"vnxpk@zmail.com"
138,"idcrzpl@vpvmail.com"
270,"zsrcuwf@vsmail.com"
496,"vgynle@ohmail.com"
271,"sduyzqpfm@ohmail.com"
220,"mskprhbxt@vpvmail.com"
228,"yweza@promail.com"
368,"hfwkd@vpvmail.com"
420,"bzgcps@pvmail.com"
279,"crmxvokw@vpvmail.com"
116,"unplxaog@pvmail.com"
122,"vinmzwo@promail.com"
268,"xnzhysrak@vpvmail.com"
344,"tcikl@vpvmail.com"
311,"ctyqwridke@promail.com"
321,"cdpguisjr@vsmail.com"
134,"ysncroezdu@zmail.com"
261,"pmfcyhdu@vpvmail.com"
335,"jdkbez@pvmail.com"
473,"iljtr@promail.com"
224,"wtazvc@promail.com"
316,"gwhuirtkxm@vsmail.com"
193,"wqhbj@vpvmail.com"
107,"karqf@vsmail.com"
100,"npdgzbfk@vsmail.com"
289,"pitzeo@ohmail.com"
225,"agbretnpc@vpvmail.com"
415,"lpuczybv@vpvmail.com"
136,"pzeayfhwil@ohmail.com"
469,"vircemwsdz@promail.com"
105,"gwroetn@vpvmail.com"
359,"sibqkj@zmail.com"
547,"lcsgrhzxq@promail.com"
284,"fyusn@vsmail.com"
332,"jpivnfbyx@ohmail.com"
151,"pkgeylj@promail.com"
253,"swymjl@zmail.com"
515,"dxaqphi@vsmail.com"
152,"aswndki@vpvmail.com"
185,"gdijv@pvmail.com"
167,"egyczwk@pvmail.com"
497,"gibjtqd@zmail.com"
347,"czbrd@pvmail.com"
483,"wiecxlvgho@ohmail.com"
145,"rwmtlfijv@vpvmail.com"
539,"conhqmr@zmail.com"
346,"vkwxprmyde@zmail.com"
297,"ijcrfd@vpvmail.com"
114,"mcasvk@pvmail.com"
111,"ilseuz@promail.com"
357,"pnclkomv@vsmail.com"
551,"pfxnwt@promail.com"
571,"eqygsh@promail.com"
382,"zpayibsoh@ohmail.com"
298,"agmdkjtu@zmail.com"
433,"bnduoerfsz@promail.com"
130,"ltfyjwvao@zmail.com"
257,"bosgudpe@zmail.com"
210,"ymdbaro@ohmail.com"
570,"xetbjdyfu@ohmail.com"
531,"malxfnhe@pvmail.com"
275,"cdejqhvpr@zmail.com"
247,"xldufsipm@ohmail.com"
370,"yqdjgcen@promail.com"
218,"frdhepbv@ohmail.com"
527,"hgavwpfc@vsmail.com"
413,"tepkwfaomd@vpvmail.com"
296,"pozxvmqwt@vpvmail.com"
505,"trfwycs@vsmail.com"
518,"fpknczm@vpvmail.com"
308,"aszljgpfow@vpvmail.com"
191,"pfqvzws@vsmail.com"
119,"lipqduxhtr@ohmail.com"
427,"learf@vpvmail.com"
391,"svlaxwy@vpvmail.com"
438,"khstnj@vsmail.com"
131,"wtuikbxpy@ohmail.com"
179,"ljtqdn@zmail.com"
558,"jvxhsyer@promail.com"
245,"lvjmsnt@zmail.com"
349,"savlnro@promail.com"
406,"mrsiqf@promail.com"
124,"fvedcay@vpvmail.com"
588,"dngsimz@zmail.com"
491,"lcmjtawhg@pvmail.com"
238,"nxceosp@vpvmail.com"
216,"rahbzxmtwo@ohmail.com"
362,"gwuzxpkjne@ohmail.com"
206,"eznytbv@promail.com"
194,"rufxs@ohmail.com"
475,"hqlfv@vpvmail.com"
535,"ykpmhcw@vpvmail.com"
280,"ptqmjsizxh@vsmail.com"
337,"rktcfv@promail.com"
222,"gxzwdufn@zmail.com"
583,"qjwsblki@vpvmail.com"
288,"qnhbwfkus@ohmail.com"
104,"zslamc@zmail.com"
325,"xirkngzls@promail.com"
484,"wvghuioebm@promail.com"
141,"kzawuytmj@zmail.com"
446,"yqdblipgmx@vpvmail.com"
240,"mkgfj@ohmail.com"
493,"xzgisdk@ohmail.com"
209,"vgujq@vsmail.com"
198,"xnhuoc@zmail.com"
481,"tzmdxvlyb@promail.com"
313,"jzaovk@ohmail.com"
334,"mefhkjnowz@ohmail.com"
115,"pdyxk@zmail.com"
472,"oejur@zmail.com"
457,"wsvemf@ohmail.com"
252,"fuaqsid@promail.com"
246,"eahlz@pvmail.com"
317,"wfjai@ohmail.com"
488,"szwbvmjdx@vpvmail.com"
455,"xqelbma@zmail.com"
537,"lsrxbd@zmail.com"
159,"byshie@vpvmail.com"
106,"cavwji@pvmail.com"
312,"gxzrtmljq@pvmail.com"
187,"guheiozpx@zmail.com"
202,"kovfu@pvmail.com"
166,"qlsky@vpvmail.com"
516,"muigz@promail.com"
170,"tkvdo@pvmail.com"
389,"kziwtexgs@vpvmail.com"
492,"tsqvclpa@vsmail.com"
567,"wfjpveor@vsmail.com"
392,"qahreuf@promail.com"
190,"qwediz@pvmail.com"
310,"zbypwdeoa@zmail.com"
561,"udorkq@vpvmail.com"
562,"fhnwtsoc@zmail.com"
542,"fcdkl@pvmail.com"
291,"ymqeoip@vsmail.com"
599,"rnqkis@ohmail.com"
118,"vsbntuyklw@ohmail.com"
448,"hynsj@pvmail.com"
494,"zravhtuoxs@vpvmail.com"
153,"vlxorwt@ohmail.com"
117,"nxwelfodb@vpvmail.com"
140,"rnivloewj@pvmail.com"
523,"mxtgjn@vsmail.com"
290,"jcfluda@zmail.com"
587,"nmhkusbwfi@promail.com"
388,"dehoqkxvc@pvmail.com"
256,"lpgtyunvxm@vpvmail.com"
197,"gcxukdfmyp@promail.com"
137,"vqkgf@vsmail.com"
428,"oephnqyvu@vpvmail.com"
301,"pmxoqnalc@vsmail.com"
522,"eqzaxdlhp@ohmail.com"
385,"odsfcu@pvmail.com"
408,"ugmisdt@promail.com"
585,"eylamksdoc@vsmail.com"
411,"wusbo@vpvmail.com"
504,"ucxhyilw@zmail.com"
456,"xuibpvhcl@zmail.com"
453,"cfliwq@vpvmail.com"
421,"zhuxa@pvmail.com"
274,"dsofavgbh@promail.com"
490,"tbmsjeaoh@pvmail.com"
503,"nkxyfeaptq@promail.com"
156,"qdsxmfugln@vpvmail.com"
262,"ngqcldh@vpvmail.com"
273,"sjwqn@ohmail.com"
443,"xptnw@ohmail.com"
437,"cuyhgl@pvmail.com"
155,"hsjtcqd@zmail.com"
405,"fcepi@vsmail.com"
292,"ftzbqdcem@ohmail.com"
536,"dhcglnbm@vsmail.com"
439,"cbiwvmx@promail.com"
424,"fadzmw@zmail.com"
331,"tdgon@vsmail.com"
196,"fretoa@pvmail.com"
213,"vfugw@ohmail.com"
524,"mlvso@zmail.com"
441,"skztdufgly@vsmail.com"
286,"olhupv@ohmail.com"
318,"bvsuwmz@zmail.com"
177,"qxnvfhjoik@promail.com"
127,"aefhwrjvcs@promail.com"
237,"alpwgvoizq@promail.com"
575,"gelxhys@ohmail.com"
498,"wlfjaqgsu@ohmail.com"
236,"hbkyrml@ohmail.com"
260,"ugokl@zmail.com"
163,"faslrbgoze@promail.com"
248,"jiybw@ohmail.com"
212,"egqtznxps@ohmail.com"
465,"glpdxhobm@promail.com"
221,"wszlapdv@vpvmail.com"
409,"rcxipa@promail.com"
590,"vtkie@ohmail.com"
555,"vnjmrlcu@zmail.com"
182,"lhxmgnra@vpvmail.com"
569,"fspiuyqb@zmail.com"
356,"mzaskwpxe@ohmail.com"
354,"yxapklj@pvmail.com"
544,"gaczq@pvmail.com"
552,"sygocmutkf@zmail.com"
295,"lbezt@vpvmail.com"
394,"kmjfsuwpal@ohmail.com"
158,"jryupm@pvmail.com"
466,"enhvlpotzd@promail.com"
580,"qidfy@pvmail.com"
294,"yewfjrtvu@promail.com"
595,"atrcdxuefb@vpvmail.com"
338,"mxbkfdsr@vsmail.com"
399,"anzskjy@ohmail.com"
180,"olifasj@zmail.com"
361,"csriep@pvmail.com"
573,"yozdcvxut@pvmail.com"
401,"damxsy@pvmail.com"
285,"pgjrfb@vsmail.com"
423,"nevtm@pvmail.com"
478,"klftnz@vpvmail.com"
125,"ydkrqca@ohmail.com"
396,"xfaegstoun@pvmail.com"
149,"nijdrzfq@promail.com"
440,"oursb@vsmail.com"
219,"qygietml@pvmail.com"
230,"waydugbztn@vsmail.com"
103,"xqmtsabkw@ohmail.com"
352,"mhgqiycb@zmail.com"
320,"gueilv@promail.com"
397,"vlnbapj@promail.com"
110,"lpkds@zmail.com"
600,"mgszrhic@vpvmail.com"
460,"drxpobf@pvmail.com"
160,"degmywztbx@pvmail.com"
328,"hlnkacvi@promail.com"
144,"roswcdnhy@ohmail.com"
596,"okmhgsan@promail.com"
233,"vqdlr@zmail.com"
126,"klvixmp@promail.com"
452,"pndtgwlavs@vsmail.com"
513,"urejb@vsmail.com"
165,"rdhubpow@vpvmail.com"
214,"brawgeufmh@promail.com"
199,"dzhnwgxc@vsmail.com"
326,"xdotcywa@ohmail.com"
287,"vakosliw@vpvmail.com"
422,"wmlasetpk@zmail.com"
188,"mpdzy@ohmail.com"
189,"zxgciawfu@vpvmail.com"
410,"xiobgfwm@vpvmail.com"
598,"uejcwqzv@vsmail.com"
375,"jvsac@vpvmail.com"
229,"nlfpuj@promail.com"
263,"tpazqioknc@pvmail.com"
538,"cyftkdm@vsmail.com"
597,"elcbk@vpvmail.com"
461,"mwlro@zmail.com"
374,"mcdfn@vpvmail.com"
113,"gxpwy@pvmail.com"
192,"lcmik@pvmail.com"
543,"ngybzed@vsmail.com"
525,"xbhdtfzgce@vpvmail.com"
550,"ntqdgv@ohmail.com"
244,"lfiuyvwa@vpvmail.com"
489,"qczwupmjel@ohmail.com"
581,"kzvhbc@zmail.com"
532,"ajzix@zmail.com"
566,"ksnbe@vpvmail.com"
400,"rtdnwov@vpvmail.com"
186,"umygkizwdf@promail.com"
436,"hgice@ohmail.com"
474,"kguwh@ohmail.com"
549,"ptawkr@vsmail.com"
339,"rebsg@zmail.com"
556,"ejsatu@zmail.com"
282,"ucflga@pvmail.com"
577,"qkendrgvs@vpvmail.com"
164,"jkxstmare@zmail.com"
471,"hbyvdjetag@promail.com"
329,"niqpexslj@ohmail.com"
139,"vogdr@vpvmail.com"
530,"kxhncsuem@pvmail.com"
278,"taqnpkrb@vpvmail.com"
307,"rodabpyz@ohmail.com"
299,"consjdhvbi@zmail.com"
450,"ispgf@ohmail.com"
447,"ebphtmkur@ohmail.com"
184,"bmgneivopd@promail.com"
417,"nqbvjixruh@vpvmail.com"
241,"rdoecaplt@ohmail.com"
594,"yvxzr@zmail.com"
502,"qxajyiekr@vpvmail.com"
154,"xpdgiwzr@vpvmail.com"
395,"atknjxm@vsmail.com"
132,"exyinuv@vpvmail.com"
204,"tgrks@promail.com"
360,"hoszv@promail.com"
445,"oqatlm@vsmail.com"
560,"ozwibu@pvmail.com"
250,"qbszghcw@pvmail.com"
529,"tuqhwf@pvmail.com"
593,"bzkpdv@vsmail.com"
407,"xzdoajpwk@vpvmail.com"
365,"eovhysmdpr@ohmail.com"
563,"tgrmwov@ohmail.com"
235,"edralftgn@vsmail.com"
277,"cyoukfigdm@vpvmail.com"
234,"dtmhsoequ@promail.com"
464,"nlhqdr@promail.com"
367,"xshjegquc@pvmail.com"
486,"jymlahs@promail.com"
383,"idctfugm@zmail.com"
133,"xjleovbfyd@promail.com"
309,"kjyrqdospf@vsmail.com"
364,"sygwzo@zmail.com"
148,"zqdiy@vsmail.com"
568,"zpchqtjuk@ohmail.com"
528,"ekngu@promail.com"
168,"uqevntic@zmail.com"
591,"wpnxgsmf@promail.com"
559,"zawsvyo@zmail.com"
232,"lcisywa@vsmail.com"
173,"mvuna@promail.com"
265,"vujftgbk@zmail.com"
425,"hocaxtj@promail.com"
500,"gkmzwbvos@ohmail.com"
143,"sfrgvebdcq@pvmail.com"
402,"vaghnbtp@vsmail.com"
358,"rvhmctiw@ohmail.com"
546,"bpgfjetcs@ohmail.com"
181,"kpdqo@vsmail.com"
548,"hnlforkgwi@promail.com"
120,"ktsxhaybe@promail.com"
333,"isdvkbg@vpvmail.com"
390,"ctand@promail.com"
384,"eurkbfc@pvmail.com"
123,"biqoawylj@zmail.com"
371,"iuphc@pvmail.com"
404,"mlyvckizs@promail.com"
200,"qvlrg@zmail.com"
306,"nfvmrdqh@promail.com"
351,"vaebg@promail.com"
403,"rinhfejs@promail.com"
269,"anrdexqhbs@vpvmail.com"
582,"qjwmydv@vsmail.com"
